ticker,name,sector,market
1301,極洋,水産・農林業,プライム
1332,日本水産,水産・農林業,プライム
1333,マルハニチロ,水産・農林業,プライム
1518,三井松島ホールディングス,鉱業,スタンダード
1605,INPEX,鉱業,プライム
1662,石油資源開発,鉱業,プライム
1801,大成建設,建設業,プライム
1802,大林組,建設業,プライム
1803,清水建設,建設業,プライム
1812,鹿島建設,建設業,プライム
1821,三井住友建設,建設業,プライム
1925,大和ハウス工業,建設業,プライム
1928,積水ハウス,建設業,プライム
1963,日揮ホールディングス,建設業,プライム
2002,日清製粉グループ本社,食料品,プライム
2269,明治ホールディングス,食料品,プライム
2282,日本ハム,食料品,プライム
2502,アサヒグループホールディングス,食料品,プライム
2503,キリンホールディングス,食料品,プライム
2801,キッコーマン,食料品,プライム
2802,味の素,食料品,プライム
2871,ニチレイ,食料品,プライム
2914,日本たばこ産業,食料品,プライム
3086,Jフロントリテイリング,小売業,プライム
3382,セブン&アイ・ホールディングス,小売業,プライム
3401,帝人,繊維製品,プライム
3402,東レ,繊維製品,プライム
3407,旭化成,化学,プライム
3436,SUMCO,半導体・電子部品,プライム
3659,ネクソン,情報・通信業,プライム
3661,エムスリー,情報・通信業,プライム
3665,エニグモ,情報・通信業,グロース
3668,コロプラ,情報・通信業,プライム
3673,ブロードリーフ,情報・通信業,グロース
3689,イグニス,情報・通信業,グロース
3697,SHIFT,情報・通信業,プライム
3706,フルスピード,情報・通信業,グロース
3726,フォーシーズホールディングス,情報・通信業,グロース
3765,ガンホー・オンライン・エンターテイメント,情報・通信業,スタンダード
3769,GMOペイメントゲートウェイ,情報・通信業,プライム
3774,インターネットイニシアティブ,情報・通信業,プライム
3778,さくらインターネット,情報・通信業,プライム
3779,ジェイ・エスコム ホールディングス,情報・通信業,グロース
3799,キーウェアソリューションズ,情報・通信業,スタンダード
3861,王子ホールディングス,パルプ・紙,プライム
3863,日本製紙,パルプ・紙,プライム
3864,三菱製紙,パルプ・紙,プライム
3865,北越コーポレーション,パルプ・紙,プライム
3941,レンゴー,パルプ・紙,プライム
4004,昭和電工,化学,プライム
4005,住友化学,化学,プライム
4021,日産化学,化学,プライム
4042,東ソー,化学,プライム
4043,トクヤマ,化学,プライム
4044,セントラル硝子,化学,プライム
4045,東亞合成,化学,プライム
4061,デンカ,化学,プライム
4063,信越化学工業,化学,プライム
4151,協和キリン,医薬品,プライム
4183,三井化学,化学,プライム
4188,三菱ケミカルグループ,化学,プライム
4208,宇部興産,化学,プライム
4307,野村総合研究所,情報・通信業,プライム
4321,ケネディクス,不動産業,プライム
4324,電通グループ,サービス業,プライム
4385,メルカリ,情報・通信業,プライム
4401,アドバンテスト,電気機器,プライム
4452,花王,化学,プライム
4502,武田薬品工業,医薬品,プライム
4503,アステラス製薬,医薬品,プライム
4507,塩野義製薬,医薬品,プライム
4519,中外製薬,医薬品,プライム
4523,エーザイ,医薬品,プライム
4527,ロート製薬,医薬品,プライム
4543,テルモ,精密機器,プライム
4568,第一三共,医薬品,プライム
4578,大塚ホールディングス,医薬品,プライム
4589,アキュリスファーマ,医薬品,グロース
4612,日本ペイントホールディングス,化学,プライム
4661,オリエンタルランド,サービス業,プライム
4689,Zホールディングス,情報・通信業,プライム
4704,トレンドマイクロ,情報・通信業,プライム
4751,サイバーエージェント,情報・通信業,プライム
4755,楽天グループ,情報・通信業,プライム
4765,SBIホールディングス,証券・商品先物取引業,プライム
4812,電子情報技術産業,情報・通信業,スタンダード
4816,東映アニメーション,情報・通信業,プライム
4832,JFEシステムズ,情報・通信業,スタンダード
4901,富士フイルムホールディングス,化学,プライム
4902,コニカミノルタ,化学,プライム
4911,資生堂,化学,プライム
5019,出光興産,石油・石炭製品,プライム
5020,ENEOSホールディングス,石油・石炭製品,プライム
5101,横浜ゴム,ゴム製品,プライム
5105,東洋タイヤ,ゴム製品,プライム
5108,ブリヂストン,ゴム製品,プライム
5201,AGC,ガラス・土石製品,プライム
5214,日本電気硝子,ガラス・土石製品,プライム
5232,住友大阪セメント,ガラス・土石製品,プライム
5233,太平洋セメント,ガラス・土石製品,プライム
5301,東海カーボン,ガラス・土石製品,プライム
5332,TOTO,ガラス・土石製品,プライム
5333,日本ガイシ,ガラス・土石製品,プライム
5334,日本特殊陶業,ガラス・土石製品,プライム
5401,日本製鉄,鉄鋼,プライム
5406,神戸製鋼所,鉄鋼,プライム
5411,JFEホールディングス,鉄鋼,プライム
5461,中部鋼鈑,鉄鋼,スタンダード
5463,丸一鋼管,鉄鋼,プライム
5471,大同特殊鋼,鉄鋼,プライム
5481,山陽特殊製鋼,鉄鋼,プライム
5486,日立金属,鉄鋼,プライム
5541,大平洋金属,非鉄金属,プライム
5707,東邦亜鉛,非鉄金属,プライム
5711,三菱マテリアル,非鉄金属,プライム
5713,住友金属鉱山,非鉄金属,プライム
5714,DOWAホールディングス,非鉄金属,プライム
5715,古河機械金属,非鉄金属,スタンダード
5802,住友電気工業,非鉄金属,プライム
5803,フジクラ,非鉄金属,プライム
5901,東洋製罐グループホールディングス,金属製品,プライム
5938,LIXIL,金属製品,プライム
5947,リンナイ,金属製品,プライム
5951,ダイキン工業,機械,プライム
6003,荏原製作所,機械,プライム
6028,テクノプロ・ホールディングス,サービス業,プライム
6055,ジャパンマテリアル,サービス業,グロース
6103,オークマ,機械,プライム
6113,アマダホールディングス,機械,プライム
6146,ディスコ,機械,プライム
6178,日本郵政,サービス業,プライム
6201,豊田自動織機,機械,プライム
6273,SMC,機械,プライム
6301,小松製作所,機械,プライム
6302,住友重機械工業,機械,プライム
6305,日立建機,機械,プライム
6315,TOWA,機械,プライム
6326,クボタ,機械,プライム
6361,荏原製作所,機械,プライム
6367,ダイキン工業,機械,プライム
6370,栗田工業,機械,プライム
6376,日機装,機械,プライム
6383,倉敷機械,機械,スタンダード
6409,キトー,機械,スタンダード
6412,平和,機械,プライム
6417,SANKYO,機械,プライム
6419,マースグループホールディングス,機械,プライム
6448,ブラザー工業,電気機器,プライム
6473,ジェイテクト,機械,プライム
6479,ミネベアミツミ,電気機器,プライム
6501,日立製作所,電気機器,プライム
6502,東芝,電気機器,プライム
6503,三菱電機,電気機器,プライム
6504,富士電機,電気機器,プライム
6506,安川電機,電気機器,プライム
6532,ベイカレント・コンサルティング,サービス業,プライム
6578,コンサルティングジャパン,サービス業,グロース
6594,日本電産,電気機器,プライム
6645,オムロン,電気機器,プライム
6674,GSユアサ,電気機器,プライム
6701,NEC,電気機器,プライム
6702,富士通,電気機器,プライム
6703,OKI,電気機器,プライム
6724,セイコーエプソン,電気機器,プライム
6726,オプティマインド,電気機器,グロース
6752,パナソニックホールディングス,電気機器,プライム
6753,シャープ,電気機器,プライム
6762,TDK,電気機器,プライム
6770,アルプスアルパイン,電気機器,プライム
6773,パイオニア,電気機器,スタンダード
6789,ローランド ディー.ジー.,電気機器,スタンダード
6800,ヨコオ,電気機器,スタンダード
6806,ヒロセ電機,電気機器,プライム
6807,航空電子工業,電気機器,プライム
6841,横河電機,電気機器,プライム
6845,アズビル,電気機器,プライム
6857,アドバンテスト,電気機器,プライム
6861,キーエンス,電気機器,プライム
6869,シスメックス,電気機器,プライム
6920,レーザーテック,電気機器,プライム
6952,カシオ計算機,電気機器,プライム
6954,ファナック,電気機器,プライム
6963,ローム,電気機器,プライム
6971,京セラ,電気機器,プライム
6981,村田製作所,電気機器,プライム
6988,日東電工,電気機器,プライム
7003,三井E&Sホールディングス,輸送用機器,スタンダード
7004,日立造船,輸送用機器,プライム
7011,三菱重工業,輸送用機器,プライム
7012,川崎重工業,輸送用機器,プライム
7013,IHI,輸送用機器,プライム
7201,日産自動車,輸送用機器,プライム
7202,いすゞ自動車,輸送用機器,プライム
7203,トヨタ自動車,輸送用機器,プライム
7205,日野自動車,輸送用機器,プライム
7211,三菱自動車工業,輸送用機器,プライム
7261,マツダ,輸送用機器,プライム
7267,本田技研工業,輸送用機器,プライム
7269,スズキ,輸送用機器,プライム
7270,SUBARU,輸送用機器,プライム
7272,ヤマハ発動機,輸送用機器,プライム
7701,島津製作所,精密機器,プライム
7731,ニコン,精密機器,プライム
7733,オリンパス,精密機器,プライム
7741,HOYA,精密機器,プライム
7751,キヤノン,精密機器,プライム
7752,リコー,精密機器,プライム
7762,シチズン時計,精密機器,プライム
7832,バンダイナムコホールディングス,その他製品,プライム
7911,凸版印刷,その他製品,プライム
7912,大日本印刷,その他製品,プライム
7951,ヤマハ,その他製品,プライム
7974,任天堂,その他製品,プライム
8001,伊藤忠商事,卸売業,プライム
8002,丸紅,卸売業,プライム
8003,トーメンデバイス,卸売業,スタンダード
8011,三陽商会,卸売業,プライム
8015,豊田通商,卸売業,プライム
8031,三井物産,卸売業,プライム
8035,東京エレクトロン,電気機器,プライム
8053,住友商事,卸売業,プライム
8058,三菱商事,卸売業,プライム
8060,石岡市場,卸売業,スタンダード
8088,岩谷産業,卸売業,プライム
8113,ユニ・チャーム,化学,プライム
8173,上新電機,小売業,プライム
8233,高島屋,小売業,プライム
8252,丸井グループ,小売業,プライム
8267,イオン,小売業,プライム
8270,ユニー,小売業,プライム
8304,あおぞら銀行,銀行業,プライム
8306,三菱UFJフィナンシャル・グループ,銀行業,プライム
8308,りそなホールディングス,銀行業,プライム
8309,三井住友トラスト・ホールディングス,銀行業,プライム
8316,三井住友フィナンシャルグループ,銀行業,プライム
8331,千葉銀行,銀行業,プライム
8354,ふくおかフィナンシャルグループ,銀行業,プライム
8355,静岡銀行,銀行業,プライム
8358,スルガ銀行,銀行業,スタンダード
8369,京都銀行,銀行業,プライム
8411,みずほフィナンシャルグループ,銀行業,プライム
8473,SBIホールディングス,証券・商品先物取引業,プライム
8591,オリックス,その他金融業,プライム
8601,大和証券グループ本社,証券・商品先物取引業,プライム
8604,野村ホールディングス,証券・商品先物取引業,プライム
8630,SOMPOホールディングス,保険業,プライム
8725,MS&ADインシュアランスグループホールディングス,保険業,プライム
8750,第一生命ホールディングス,保険業,プライム
8766,東京海上ホールディングス,保険業,プライム
8795,T&Dホールディングス,保険業,プライム
8801,三井不動産,不動産業,プライム
8802,菱地所,不動産業,プライム
8804,東京建物,不動産業,プライム
8830,住友不動産,不動産業,プライム
9001,東武鉄道,陸運業,プライム
9005,東急,陸運業,プライム
9007,小田急電鉄,陸運業,プライム
9008,京王電鉄,陸運業,プライム
9009,京成電鉄,陸運業,プライム
9020,東日本旅客鉄道,陸運業,プライム
9021,西日本旅客鉄道,陸運業,プライム
9022,東海旅客鉄道,陸運業,プライム
9064,ヤマトホールディングス,陸運業,プライム
9101,日本郵船,海運業,プライム
9104,商船三井,海運業,プライム
9107,川崎汽船,海運業,プライム
9201,日本航空,空運業,プライム
9202,ANAホールディングス,空運業,プライム
9301,三菱倉庫,倉庫・運輸関連業,プライム
9412,スカパーJSATホールディングス,情報・通信業,プライム
9432,日本電信電話,情報・通信業,プライム
9433,KDDI,情報・通信業,プライム
9434,ソフトバンク,情報・通信業,プライム
9501,東京電力ホールディングス,電気・ガス業,プライム
9502,中部電力,電気・ガス業,プライム
9503,関西電力,電気・ガス業,プライム
9504,中国電力,電気・ガス業,プライム
9531,東京ガス,電気・ガス業,プライム
9532,大阪ガス,電気・ガス業,プライム
9602,東宝,情報・通信業,プライム
9613,NTTデータグループ,情報・通信業,プライム
9697,カプコン,情報・通信業,プライム
9735,セコム,サービス業,プライム
9766,コナミグループ,情報・通信業,プライム
9983,ファーストリテイリング,小売業,プライム
9984,ソフトバンクグループ,情報・通信業,プライム
